Workbook

Sheet Start Here
A1: RPI Education — Health Insurance Analyzer (Excel)
A2: Interactive calculator for US, Canada, Australia, and the UK
B4: Choose your country: | C4: (this drives the Dashboard summary) | D4: US
B6: How to use:
A7: 1) Select your country in D4. 2) Open the matching country tab (US / CAN / AUS / UK). 3) Enter blue cells only (inputs). 4) Review calculated outputs (black text) and the Dashboard. 5) Use the Notes/Questions area to prepare for a licensed professional.
B13: Color key:
B14: Blue text + light fill = inputs
B15: Black text = calculated
B16: Yellow header = section
B18: Version: | C18: 2026-03-03

Sheet US
A1: US — Health Insurance Inputs & Outputs
A2: Enter blue cells. Outputs update automatically.
A4: A) Plan Details
B5: Insurer / Plan name | D5: Coverage type
B6: Plan/Provider | D6: Plan Type
B7: Monthly Premium | C7: 0 | D7: Annual Deductible / Excess | E7: 0
B8: Out-of-Pocket Max / Cap | C8: 0 | D8: Primary Care Co-pay | E8: 0
B9: Specialist Co-pay | C9: 0 | D9: Prescription Coverage? (Y/N) | E9: Y
A11: B) Quick Gap Check (1 = Yes / 0 = No)
B13: Dental coverage gap | C13: 0
B14: Vision coverage gap | C14: 0
B15: Prescription gap | C15: 0
B16: Mental health limitations | C16: 0
B17: Network/availability issue | C17: 0
B18: Travel medical gap | C18: 0
B19: Income protection gap (disability) | C19: 0
B20: Other gap | C20: 0
A22: C) Cost & Risk Exposure
B24: Annual Premium | C24: =C5*12 -> 0 | D24: Worst-Case Annual Cost | E24: =C5*12 + C7 -> 0
B25: Expected Annual Out-of-Pocket (estimate) | C25: 0 | D25: Expected Total Annual Cost | E25: =C5*12 + C25 -> 0
A27: D) Score (1–5)
B29: Cost efficiency | C29: 3
B30: Coverage completeness | C30: 3
B31: Access/availability | C31: 3
B32: Income protection | C32: 3
B33: Emergency preparedness | C33: 3
B35: Total score (out of 25) | C35: =SUM(C29:C33) -> 15 | D35: Rating | E35: =IF(C35>=20,"Strong",IF(C35>=15,"Moderate gaps","High risk")) -> Moderate gaps
A38: Notes / Questions for your licensed professional: • • •

Sheet CAN
A1: CAN — Health Insurance Inputs & Outputs
A2: Enter blue cells. Outputs update automatically.
A4: A) Plan Details
D5: Extended benefits type
B6: Monthly Premium (private/benefits) | D6: Annual Deductible (if any)
B7: Monthly Premium | C7: 0 | D7: Annual Deductible / Excess | E7: 0
B8: Out-of-Pocket Max / Cap | C8: 0 | D8: Primary Care Co-pay | E8: 0
B9: Specialist Co-pay | C9: 0 | D9: Prescription Coverage? (Y/N) | E9: Y
A11: B) Quick Gap Check (1 = Yes / 0 = No)
B13: Dental coverage gap | C13: 0
B14: Vision coverage gap | C14: 0
B15: Prescription gap | C15: 0
B16: Mental health limitations | C16: 0
B17: Network/availability issue | C17: 0
B18: Travel medical gap | C18: 0
B19: Income protection gap (disability) | C19: 0
B20: Other gap | C20: 0
A22: C) Cost & Risk Exposure
B24: Annual Premium | C24: =C5*12 -> 0 | D24: Worst-Case Annual Cost | E24: =C5*12 + C7 -> 0
B25: Expected Annual Out-of-Pocket (estimate) | C25: 0 | D25: Expected Total Annual Cost | E25: =C5*12 + C25 -> 0
A27: D) Score (1–5)
B29: Cost efficiency | C29: 3
B30: Coverage completeness | C30: 3
B31: Access/availability | C31: 3
B32: Income protection | C32: 3
B33: Emergency preparedness | C33: 3
B35: Total score (out of 25) | C35: =SUM(C29:C33) -> 15 | D35: Rating | E35: =IF(C35>=20,"Strong",IF(C35>=15,"Moderate gaps","High risk")) -> Moderate gaps
A38: Notes / Questions for your licensed professional: • • •

Sheet AUS
A1: AUS — Health Insurance Inputs & Outputs
A2: Enter blue cells. Outputs update automatically.
A4: A) Plan Details
D5: Cover type (Hospital/Extras/Combined)
B6: Plan/Provider | D6: Plan Type
B7: Out-of-Pocket Max / Cap (if applicable) | C7: 0 | D7: Annual Deductible / Excess | E7: 0
B8: Out-of-Pocket Max / Cap | C8: 0 | D8: Primary Care Co-pay | E8: 0
B9: Specialist Co-pay | C9: 0 | D9: Prescription Coverage? (Y/N) | E9: Y
A11: B) Quick Gap Check (1 = Yes / 0 = No)
B13: Dental coverage gap | C13: 0
B14: Vision coverage gap | C14: 0
B15: Prescription gap | C15: 0
B16: Mental health limitations | C16: 0
B17: Network/availability issue | C17: 0
B18: Travel medical gap | C18: 0
B19: Income protection gap (disability) | C19: 0
B20: Other gap | C20: 0
A22: C) Cost & Risk Exposure
B24: Annual Premium | C24: =C5*12 -> 0 | D24: Worst-Case Annual Cost | E24: =C5*12 + C7 -> 0
B25: Expected Annual Out-of-Pocket (estimate) | C25: 0 | D25: Expected Total Annual Cost | E25: =C5*12 + C25 -> 0
A27: D) Score (1–5)
B29: Cost efficiency | C29: 3
B30: Coverage completeness | C30: 3
B31: Access/availability | C31: 3
B32: Income protection | C32: 3
B33: Emergency preparedness | C33: 3
B35: Total score (out of 25) | C35: =SUM(C29:C33) -> 15 | D35: Rating | E35: =IF(C35>=20,"Strong",IF(C35>=15,"Moderate gaps","High risk")) -> Moderate gaps
A38: Notes / Questions for your licensed professional: • • •

Sheet UK
A1: UK — Health Insurance Inputs & Outputs
A2: Enter blue cells. Outputs update automatically.
A4: A) Plan Details
D5: NHS only / Private plan type
B6: Plan/Provider | D6: Plan Type
B7: Out-of-Pocket Max / Cap (if applicable) | C7: 0 | D7: Annual Deductible / Excess | E7: 0
B8: Out-of-Pocket Max / Cap | C8: 0 | D8: Primary Care Co-pay | E8: 0
B9: Specialist Co-pay | C9: 0 | D9: Prescription Coverage? (Y/N) | E9: Y
A11: B) Quick Gap Check (1 = Yes / 0 = No)
B13: Dental coverage gap | C13: 0
B14: Vision coverage gap | C14: 0
B15: Prescription gap | C15: 0
B16: Mental health limitations | C16: 0
B17: Network/availability issue | C17: 0
B18: Travel medical gap | C18: 0
B19: Income protection gap (disability) | C19: 0
B20: Other gap | C20: 0
A22: C) Cost & Risk Exposure
B24: Annual Premium | C24: =C5*12 -> 0 | D24: Worst-Case Annual Cost | E24: =C5*12 + C7 -> 0
B25: Expected Annual Out-of-Pocket (estimate) | C25: 0 | D25: Expected Total Annual Cost | E25: =C5*12 + C25 -> 0
A27: D) Score (1–5)
B29: Cost efficiency | C29: 3
B30: Coverage completeness | C30: 3
B31: Access/availability | C31: 3
B32: Income protection | C32: 3
B33: Emergency preparedness | C33: 3
B35: Total score (out of 25) | C35: =SUM(C29:C33) -> 15 | D35: Rating | E35: =IF(C35>=20,"Strong",IF(C35>=15,"Moderate gaps","High risk")) -> Moderate gaps
A38: Notes / Questions for your licensed professional: • • •

Sheet Dashboard
A1: Dashboard — Summary
A2: Select country in Start Here!D4 to update this page.
B4: Selected country: | C4: ='Start Here'!D4 -> US
A6: Key Cost Metrics
B8: Monthly premium | C8: =INDEX(C35:C38,MATCH('Start Here'!D4,B35:B38,0))
B9: Annual premium | C9: =INDEX(D35:D38,MATCH('Start Here'!D4,B35:B38,0)) -> 0
B10: Worst-case annual cost | C10: =INDEX(E35:E38,MATCH('Start Here'!D4,B35:B38,0)) -> 0
B11: Expected total annual cost | C11: =INDEX(F35:F38,MATCH('Start Here'!D4,B35:B38,0)) -> 0
A13: Coverage Score
B15: Total score (0–25) | C15: =INDEX(G35:G38,MATCH('Start Here'!D4,B35:B38,0)) -> 0
B16: Rating | C16: =INDEX(H35:H38,MATCH('Start Here'!D4,B35:B38,0)) -> 0
A18: Gap Snapshot
B20: Number of gaps flagged (1s) | C20: =INDEX(I35:I38,MATCH('Start Here'!D4,B35:B38,0)) -> 0
B22: Suggested next step: | C22: =IF(C20>=5,"Prioritize top 2 gaps + get quotes/options.",IF(C20>=2,"Review plan details and fill gaps intentionally.","Coverage looks relatively complete; confirm limits and renewals.")) -> Coverage looks relatively complete; confirm limits and renewals.
A26: Disclaimer: This spreadsheet is educational and informational only and is not insurance, legal, tax, or financial advice. Insurance rules and plan terms vary by country and jurisdiction. Verify details with your insurer/administrator and consult a licensed professional before decisions.
B33: Lookup Table (do not edit)
B34: Country | C34: Monthly premium | D34: Annual premium | E34: Worst-case | F34: Expected total | G34: Score | H34: Rating | I34: Gaps
B35: US | C35: =US!C6 | D35: =US!C14 -> 0 | E35: =US!E14 -> 0 | F35: =US!E15 -> 0 | G35: =US!C23 -> 0 | H35: =US!E23 -> 0 | I35: =SUM(US!C10:C17) -> 0
B36: CAN | C36: =CAN!C6 | D36: =CAN!C14 -> 0 | E36: =CAN!E14 -> 0 | F36: =CAN!E15 -> 0 | G36: =CAN!C23 -> 0 | H36: =CAN!E23 -> 0 | I36: =SUM(CAN!C10:C17) -> 0
B37: AUS | C37: =AUS!C6 | D37: =AUS!C14 -> 0 | E37: =AUS!E14 -> 0 | F37: =AUS!E15 -> 0 | G37: =AUS!C23 -> 0 | H37: =AUS!E23 -> 0 | I37: =SUM(AUS!C10:C17) -> 0
B38: UK | C38: =UK!C6 | D38: =UK!C14 -> 0 | E38: =UK!E14 -> 0 | F38: =UK!E15 -> 0 | G38: =UK!C23 -> 0 | H38: =UK!E23 -> 0 | I38: =SUM(UK!C10:C17) -> 0
